--------------
/* John Hattori */

    /* enable warnings! */

use   a_vets
--------------

Query OK, 0 rows affected (0.00 sec)

--------------
/*  TASK 00 */ 
select user(), current_date(), version(), @@sql_mode
--------------

*************************** 1. row ***************************
        user(): jtori@localhost
current_date(): 2014-09-07
     version(): 5.6.20
    @@sql_mode: STRICT_TRANS_TABLES,NO_ENGINE_SUBSTITUTION
1 row in set (0.00 sec)

--------------
/*  TASK 01 */
select concat(cl_postal_code , ': ', cl_city, ' ', cl_state  ) 
as Location 
from vt_clients
--------------

+-------------------------+
| Location                |
+-------------------------+
| 71601: Big Rock AR      |
| 71601: Big Rock AR      |
| 58503: Big Rock ND      |
| 45502: Springfield OH   |
| 10006: New York NY      |
| 45402: Dayton OH        |
| 62701: Springfield IL   |
| 94112: San Francisco CA |
| 62701: Springfield IL   |
| 94101: San Francisco CA |
| 65802: Springfield MO   |
| 21579: Spring Valley MA |
| 87801: San Francisco NM |
| 21555: Boston MA        |
| 92101: San Diego CA     |
+-------------------------+
15 rows in set (0.00 sec)

--------------
/*  TASK 02 */
select 
  cl_id
, cl_name_first 
, cl_name_last 
from vt_clients
where cl_city in('San Francisco')
--------------

+-------+---------------+--------------+
| cl_id | cl_name_first | cl_name_last |
+-------+---------------+--------------+
|  5689 | NULL          | Biederbecke  |
|  5699 | Sam           | Biederbecke  |
|  7212 | Donald        | Davis        |
+-------+---------------+--------------+
3 rows in set (0.01 sec)

--------------
/*  TASK 03 */
select 
  an_id
, cl_id 
from vt_animals
where an_name is null
--------------

+-------+-------+
| an_id | cl_id |
+-------+-------+
| 11025 |  4534 |
| 11029 |  4534 |
| 21007 |  1852 |
+-------+-------+
3 rows in set (0.00 sec)

--------------
/*  TASK 04 */
select 
  srv_id as "Service ID"
, srv_type as "Service Type"
, srv_list_price as "Curr Type" 
, srv_list_price * 0.12 as "Tax Amnt" 
from vt_services 
where srv_type not in("office visit") 
order by srv_id
--------------

+------------+--------------+-----------+----------+
| Service ID | Service Type | Curr Type | Tax Amnt |
+------------+--------------+-----------+----------+
|        101 | treatment    |     50.00 |   6.0000 |
|        102 | treatment    |     45.00 |   5.4000 |
|        106 | treatment    |     75.00 |   9.0000 |
|        110 | treatment    |    100.00 |  12.0000 |
|        225 | medicine     |     75.00 |   9.0000 |
|        400 | treatment    |     10.50 |   1.2600 |
|        551 | medicine     |     35.50 |   4.2600 |
|        552 | medicine     |     25.00 |   3.0000 |
|        553 | medicine     |     25.00 |   3.0000 |
|        602 | treatment    |    222.00 |  26.6400 |
|        603 | treatment    |     78.00 |   9.3600 |
|        604 | treatment    |    109.00 |  13.0800 |
|        605 | treatment    |    535.00 |  64.2000 |
|        606 | treatment    |     40.00 |   4.8000 |
|        607 | treatment    |     57.00 |   6.8400 |
|        612 | medicine     |     25.91 |   3.1092 |
|        613 | treatment    |     47.00 |   5.6400 |
|        615 | medicine     |     78.30 |   9.3960 |
|        625 | treatment    |    155.00 |  18.6000 |
|        687 | medicine     |     45.00 |   5.4000 |
|        748 | medicine     |     29.50 |   3.5400 |
|        749 | medicine     |     29.50 |   3.5400 |
|       1002 | medicine     |     25.00 |   3.0000 |
|       1003 | treatment    |     26.00 |   3.1200 |
|       4601 | treatment    |    275.00 |  33.0000 |
+------------+--------------+-----------+----------+
25 rows in set (0.00 sec)

--------------
/*  TASK 05 */
select ex_fee, srv_id,  ex_fee 
from vt_exam_details
where ex_fee between 35.00 and 50.00
order by srv_id
--------------

+--------+--------+--------+
| ex_fee | srv_id | ex_fee |
+--------+--------+--------+
|  50.00 |    110 |  50.00 |
|  40.00 |    606 |  40.00 |
|  47.00 |    613 |  47.00 |
|  47.00 |    613 |  47.00 |
|  45.00 |    687 |  45.00 |
|  45.00 |    687 |  45.00 |
|  45.00 |    687 |  45.00 |
|  45.00 |   1003 |  45.00 |
+--------+--------+--------+
8 rows in set (0.00 sec)

--------------
/*  TASK 06 */
select cl_id, an_id, an_name  
from vt_animals 
where an_type in("hamster", "capybara", "porcupine", "dormouse") 
order by cl_id, an_id
--------------

+-------+-------+-----------+
| cl_id | an_id | an_name   |
+-------+-------+-----------+
|  1825 | 16002 | Fritz     |
|  1825 | 21005 | Koshka    |
|  1825 | 21006 | Koshka    |
|  3560 | 12038 | Gutsy     |
|  5699 | 17002 | Fritzchen |
+-------+-------+-----------+
5 rows in set (0.00 sec)

--------------
/*  TASK 07 */
select cl_id, an_type 
from vt_animals 
where an_type in("snake", "chelonian", "crocodilian", "lizard") 
order by cl_id
--------------

+-------+-----------+
| cl_id | an_type   |
+-------+-----------+
|   411 | lizard    |
|  1852 | snake     |
|  4534 | snake     |
|  5699 | chelonian |
|  5699 | chelonian |
|  5699 | lizard    |
|  5699 | snake     |
|  7152 | lizard    |
|  7152 | lizard    |
+-------+-----------+
9 rows in set (0.00 sec)

--------------
/*  TASK 08 */
select cl_id, an_id, an_name, an_dob 
from vt_animals 
where an_type not in("snake", "chelonian", "crocodilian", "lizard", "hamster", "capybara", "porcupine", "doormouse")  
order by an_dob desc
--------------

+-------+-------+-----------------+------------+
| cl_id | an_id | an_name         | an_dob     |
+-------+-------+-----------------+------------+
|  1852 | 21320 | Morris          | 2014-06-11 |
|  1852 | 21321 | Morton          | 2014-06-03 |
|  1825 | 21005 | Koshka          | 2013-03-30 |
|  1825 | 16003 | Ursula          | 2013-02-06 |
|   411 | 21001 | Yoggie          | 2013-01-22 |
|  4534 | 11029 | NULL            | 2012-10-01 |
|  1852 | 21318 | Waldrom         | 2012-06-11 |
|  1852 | 21315 | Baldric         | 2012-06-11 |
|  4534 | 11025 | NULL            | 2012-02-01 |
|  1852 | 21314 | Adalwine        | 2011-06-11 |
|  1852 | 21317 | Manfried        | 2011-06-11 |
|  1852 | 21316 | Etta            | 2010-06-11 |
|  3560 | 10002 | Gutsy           | 2010-04-15 |
|   411 | 19845 | Pinkie          | 2009-02-02 |
|  6897 | 16004 | Napper          | 2006-06-06 |
|   411 | 15165 | Burgess         | 2005-11-20 |
|   411 | 21003 | Calvin Coolidge | 2004-06-18 |
|  1825 | 21002 | Edger           | 2002-10-02 |
|  3560 | 12035 | Mr Peanut       | 1995-02-28 |
+-------+-------+-----------------+------------+
19 rows in set (0.00 sec)

--------------
/*  TASK 09 */


/*  TASK 10 */
--------------

Query OK, 0 rows affected (0.00 sec)

Bye
